SKU;Nom;SKU parent;Min - Max;Type;Prix par défaut;Prix du supplément;Département;Menu/Écran;Nom du bouton;Couleur du bouton;Style du bouton;Code-barres;Prix de revient;Contenu (gestion des stocks);Unité du contenu (gestion des stocks);Poids;Tare (grammes, vente au poids);Partage;Nom du bon de commande;Plat;Groupe statistique;Instruction de production
12;jus d orange;;;article;4.2;;Jus de fruits;CARTE TEST DETAILLEE/JUS/JUS DETAILLE,BUFFET/JUS/JUS DETAILLE;jus d orange;BLUE;Accentuer;;0.7000;;;;;GLOBAL;;;default/Jus;
13;Jus pomme;;;article;4.2;;Boissons;CARTE TEST DETAILLEE/JUS/JUS DETAILLE,BUFFET/JUS/JUS DETAILLE;Jus d'orange ou pomme;BLUE;Accentuer;;;;;;;GLOBAL;;;default/JUS;
15;Jus de carottes;;;article;3.2;;Boissons;CARTE TEST DETAILLEE/JUS/JUS DETAILLE,BUFFET/JUS/JUS DETAILLE;Jus de carottes;BLUE;Accentuer;;;;;;;GLOBAL;;;default/JUS;
30;JUS DU JOUR;;;article;4.8;;jus de fruit;carte londres/JUS,Salon/JUS, carte londres détaillée local/JUS,CARTE TEST DETAILLEE/JUS,BUFFET/JUS, carte londres détaillée Livraison/JUS, carte londres détaillée/JUS;moyen JUS DU JOUR ou classique 33 cl formule;BLUE;Accentuer;;1.5000;;;;;GLOBAL;;;;
31;moyen smoothie;;;article;4.8;;Jus de fruits;carte londres/JUS,Salon/JUS, carte londres détaillée local/JUS,CARTE TEST DETAILLEE/JUS,BUFFET/JUS, carte londres détaillée Livraison/JUS, carte londres détaillée/JUS;Moyen Cocktail 33 cl smoothie;PINK;Accentuer;;1.2000;;;;;GLOBAL;;;;
32;Grand smoothie;;;article;5.8;;Jus de fruits;carte londres/JUS,Salon/JUS, carte londres détaillée local/JUS,CARTE TEST DETAILLEE/JUS,BUFFET/JUS, carte londres détaillée Livraison/JUS, carte londres détaillée/JUS;Grand Cocktail 47cl smoothie;PINK;Accentuer;;1.7000;;;;;GLOBAL;;;;
33;Petit smoothie;;;article;3.8;;Boissons;carte londres/JUS,Salon/JUS,CARTE TEST DETAILLEE/JUS,BUFFET/JUS, carte londres détaillée Livraison/JUS;Petit Cocktail 25cl smoothie;PINK;Accentuer;;1.5000;;;;;GLOBAL;;;;
41;Evian;;;article;2.0;;SOFT;carte londres/SOFT,Salon/SOFT, carte londres détaillée local/SOFT,CARTE TEST DETAILLEE/SOFT,BUFFET/SOFT, carte londres détaillée Livraison/SOFT, carte londres détaillée/SOFT;Evian;BLUE;Accentuer;;0.4500;;;;;GLOBAL;;;default/BOISSON;
42;San Pellegrino;;;article;2.0;;SOFT;carte londres/SOFT,Salon/SOFT, carte londres détaillée local/SOFT,CARTE TEST DETAILLEE/SOFT,BUFFET/SOFT, carte londres détaillée Livraison/SOFT, carte londres détaillée/SOFT;San Pellegrinos;BLUE;Accentuer;;0.4500;;;;;GLOBAL;;;default/BOISSON;
43;Cafe;;;article;2.0;;autres;carte londres/AUTRES, carte londres détaillée local/AUTRES,CARTE TEST DETAILLEE/AUTRES, carte londres détaillée Livraison/AUTRES, carte londres détaillée/AUTRES;Cafe;BLUE;Accentuer;;0.6000;;;;;GLOBAL;;;;
51;eau de bouleau;;;article;4.0;;Boissons;carte londres détaillée local/SOFT,CARTE TEST DETAILLEE/SOFT,BUFFET/SOFT, carte londres détaillée Livraison/SOFT, carte londres détaillée/SOFT;eau de bouleau;BLUE;Accentuer;;1.5000;;;;;SHARED;;;;
53;Vitamin Water Antioxidant;;;article;3.8;;SOFT;carte londres/SOFT, carte londres détaillée local/SOFT,CARTE TEST DETAILLEE/SOFT,BUFFET/SOFT, carte londres détaillée Livraison/SOFT, carte londres détaillée/SOFT;vitamin water;BLUE;Accentuer;;1.4000;;;;;GLOBAL;;;default/BOISSON;
63;Soda;;;article;2.0;;SOFT;carte londres/SOFT,Salon/SOFT, carte londres détaillée local/SOFT,CARTE TEST DETAILLEE/SOFT,BUFFET/SOFT, carte londres détaillée Livraison/SOFT, carte londres détaillée/SOFT;Soda ( coca cola, orangina );BLUE;Accentuer;;0.5000;;;;;GLOBAL;;;;
71;Cake;;;article;3.0;;Desserts;carte londres/DESSERTS,Salon/DESSERTS, carte londres détaillée local/DESSERTS,CARTE TEST DETAILLEE/DESSERTS,BUFFET/DESSERTS, carte londres détaillée Livraison/DESSERTS, carte londres détaillée/DESSERTS;Cake;BLUE;Accentuer;;0.8000;;;;;GLOBAL;;;;
79;Sandwich;;;article;5.5;;Sandwich;carte londres/SANDWICH,Salon/SANDWICH;Sandwich;DARK_RED;Accentuer;;1.2000;;;;;GLOBAL;;;;
85;Grande Soupe;;;article;5.6;;Soupes;carte londres/SOUPES,Salon/SOUPES, carte londres détaillée local/SOUPES,CARTE TEST DETAILLEE/SOUPES,BUFFET/SOUPES, carte londres détaillée Livraison/SOUPES, carte londres détaillée/SOUPES;Grande Soupe 47cl;BLUE;Accentuer;;1.1500;;;;;GLOBAL;;;;
87;Petite soupe 25cl;;;article;3.6;;Soupes;carte londres/SOUPES,CARTE TEST DETAILLEE/SOUPES,BUFFET/SOUPES, carte londres détaillée Livraison/SOUPES;Petite soupe 25cl;BLUE;Accentuer;;1.0000;;;;;GLOBAL;;;;
94;Fromage blanc / yaourt;;;article;3.5;;Desserts;carte londres/DESSERTS,Salon/DESSERTS, carte londres détaillée local/DESSERTS, carte londres détaillée Livraison/DESSERTS, carte londres détaillée/DESSERTS;Fromage blanc / yaourt;DARK_RED;Accentuer;;0.5000;;;;;GLOBAL;;;;
96;Crumble;;;article;3.5;;Desserts;carte londres/DESSERTS,Salon/DESSERTS;Crumble;DARK_RED;Accentuer;;0.9000;;;;;GLOBAL;;;;
97;Brownie;;;article;3.5;;Desserts;CARTE TEST DETAILLEE/DESSERTS,BUFFET/DESSERTS;Brownie;BLUE;Accentuer;;;;;;;GLOBAL;;;;
98;Fromage B. Muesli;;;article;3.5;;Desserts;CARTE TEST DETAILLEE/DESSERTS,BUFFET/DESSERTS;Fromage B. Muesli;BLUE;Accentuer;;0.7000;;;;;GLOBAL;;;;
100;Salade de fruits;;;article;4.0;;Desserts;carte londres/DESSERTS,Salon/DESSERTS, carte londres détaillée local/DESSERTS,CARTE TEST DETAILLEE/DESSERTS,BUFFET/DESSERTS, carte londres détaillée Livraison/DESSERTS, carte londres détaillée/DESSERTS;Salade de fruits;BLUE;Accentuer;;0.9000;;;;;GLOBAL;;;;
106;cookie;;;article;3.0;;Desserts;carte londres/DESSERTS,Salon/DESSERTS, carte londres détaillée local/DESSERTS, carte londres détaillée Livraison/DESSERTS, carte londres détaillée/DESSERTS;cookie;DARK_RED;Accentuer;;0.5000;;;;;GLOBAL;;;;
114;tiramisu;;;article;3.5;;Desserts;CARTE TEST DETAILLEE/DESSERTS,BUFFET/DESSERTS;tiramisu;BLUE;Accentuer;;1.2000;;;;;GLOBAL;;;default/DESSERT;
127;mousse choco/pannacotta/caram?llissimo;;;article;3.5;;Desserts;carte londres/DESSERTS,Salon/DESSERTS, carte londres détaillée local/DESSERTS, carte londres détaillée Livraison/DESSERTS, carte londres détaillée/DESSERTS;mousse/tiramisu/panacotta/mi cuit/fondant;DARK_RED;Accentuer;;0.9000;;;;;GLOBAL;;;;
130;Salade menu;;;article;6.5;;SALADE;carte londres/SALADE,Salon/SALADE, carte londres détaillée local/SALADE, carte londres détaillée Livraison/SALADE, carte londres détaillée/SALADE;Salade;DARK_RED;Accentuer;;1.6500;;;;;GLOBAL;;;;
131;Grande Salade;;;article;7.5;;SALADE;carte londres/SALADE;Grande Salade;BLUE;Accentuer;;1.8000;;;;;GLOBAL;;;default/SALADE;
138;Petite salade;;;article;4.5;;SALADE;carte londres/SALADE;Petite salade;BLUE;Accentuer;;1.1000;;;;;GLOBAL;;;;
186;fruit;;;article;1.0;;Desserts;carte londres/DESSERTS;fruit;BLUE;Accentuer;;0.5000;;;;;GLOBAL;;;;
187;Grand jus;;;article;5.8;;Jus de fruits;carte londres/JUS,Salon/JUS, carte londres détaillée local/JUS,CARTE TEST DETAILLEE/JUS,BUFFET/JUS, carte londres détaillée Livraison/JUS, carte londres détaillée/JUS;Grand jus du jour ou classique 47;BLUE;Accentuer;;1.6500;;;;;GLOBAL;;;;
194;Chips;;;article;2.0;;autres;carte londres/AUTRES,Salon/AUTRES, carte londres détaillée local/AUTRES,CARTE TEST DETAILLEE/AUTRES, carte londres détaillée Livraison/AUTRES, carte londres détaillée/AUTRES;Chips;BLUE;Accentuer;;0.5500;;;;;GLOBAL;;;;
202;GALETTE DE MAÏS : RIZ;;;article;4.0;;autres;carte londres/AUTRES,Salon/AUTRES, carte londres détaillée local/AUTRES,CARTE TEST DETAILLEE/AUTRES, carte londres détaillée Livraison/AUTRES, carte londres détaillée/AUTRES;Paquet cookies;BLUE;Accentuer;;2.0000;;;;;SHARED;;;;
212;galette de riz;;;article;2.0;;Boissons à emporter;carte londres/AUTRES, carte londres détaillée local/AUTRES,CARTE TEST DETAILLEE/AUTRES, carte londres détaillée Livraison/AUTRES, carte londres détaillée/AUTRES;galette de riz;BLUE;Accentuer;;0.5500;;;;;GLOBAL;;;;
237;grande quiche;;;article;7.5;;PLATS;carte londres/PLAT CHAUD,Salon/PLAT CHAUD, carte londres détaillée local/PLAT CHAUD,CARTE TEST DETAILLEE/PLAT CHAUD,BUFFET/PLAT CHAUD, carte londres détaillée Livraison/PLAT CHAUD, carte londres détaillée/PLAT CHAUD;grande quiche;DARK_RED;Accentuer;;2.5000;;;;;GLOBAL;;;;
242;Soupe Japonaise;;;article;7.5;;PLATS;carte londres/PLAT CHAUD,CARTE TEST DETAILLEE/PLAT CHAUD,BUFFET/PLAT CHAUD;Soupe Japonaise;DARK_RED;Accentuer;;1.8000;;;;;GLOBAL;;;;
244;Petit jus;;;article;3.2;;Jus de fruits;carte londres/JUS,Salon/JUS,CARTE TEST DETAILLEE/JUS,BUFFET/JUS, carte londres détaillée Livraison/JUS;Petit jus du jour ou classique 25 cl;BLUE;Accentuer;;1.0000;;;;;GLOBAL;;;default/1;
821;Salade (saumon, gravalax);;;article;6.5;;SALADE;CARTE TEST DETAILLEE/SALADE,BUFFET/SALADE, carte londres détaillée Livraison/SALADE;Salade (saumon, gravalax);BLUE;Accentuer;;1.6500;;;;;GLOBAL;;;default/SALADE;
824;Salade choux rouge;;;article;6.5;;SALADE;carte londres détaillée local/SALADE,CARTE TEST DETAILLEE/SALADE,BUFFET/SALADE, carte londres détaillée/SALADE;Salade Choux Rouge;BLUE;Accentuer;;1.5000;;;;;GLOBAL;;;;
825;Soupe brocolis;;;article;4.6;;Soupes;carte londres détaillée local/SOUPES/DESCRIPTIF,CARTE TEST DETAILLEE/SOUPES/SOUPE DETAILLEE,BUFFET/SOUPES/SOUPE DETAILLEE, carte londres détaillée Livraison/SOUPES/DESCRIPTIF, carte londres détaillée/SOUPES/DESCRIPTIF;Brocolis au bleu;BLUE;Accentuer;;1.2000;;;;;GLOBAL;;;default/SOUPE;
1118;SOUPE 1L;;;article;7.0;;Soupes;carte londres/SOUPES;SOUPE 1L;BLUE;Accentuer;;2.5000;;;;;GLOBAL;;;;
1130;SORBET;;;article;3.8;;Desserts;carte londres/DESSERTS;SORBET;BLUE;Accentuer;;1.7000;;;;;GLOBAL;;;;
1459;bagel Saumon;;;article;5.0;;Sandwich;CARTE TEST DETAILLEE/SANDWICH,BUFFET/SANDWICH;bagel Saumon;BLUE;Accentuer;;1.5000;;;;;GLOBAL;;;default/sandwich;
1460;bagel New York;;;article;6.0;;Sandwich;carte londres détaillée local/SANDWICH,CARTE TEST DETAILLEE/SANDWICH,BUFFET/SANDWICH, carte londres détaillée Livraison/SANDWICH, carte londres détaillée/SANDWICH;Bagel New York;BLUE;Accentuer;;;;;;;GLOBAL;;;default/;
1461;wrap chaud houmous;;;article;6.0;;Sandwich;carte londres détaillée local/SANDWICH,CARTE TEST DETAILLEE/SANDWICH,BUFFET/SANDWICH, carte londres détaillée Livraison/SANDWICH, carte londres détaillée/SANDWICH;Wrap chaud houmous;BLUE;Accentuer;;1.6000;;;;;GLOBAL;;;default/SANDWICH;
1462;wrap mexicain;;;article;6.0;;Sandwich;carte londres détaillée local/SANDWICH,CARTE TEST DETAILLEE/SANDWICH,BUFFET/SANDWICH, carte londres détaillée Livraison/SANDWICH, carte londres détaillée/SANDWICH;Wrap chaud bacon;BLUE;Accentuer;;1.6000;;;;;GLOBAL;;;default/SANDWICH;
1463;Wrap ecrevisse;;;article;5.5;;Sandwich;CARTE TEST DETAILLEE/SANDWICH,BUFFET/SANDWICH;Wrap ecrevisse;BLUE;Accentuer;;1.6000;;;;;GLOBAL;;;default/SANDWICH;
1465;salade (haloumi, quinoa, butternut);;;article;6.5;;SALADE;CARTE TEST DETAILLEE/SALADE/Autre SALADE,BUFFET/SALADE/Autre SALADE;salade haloumi;BLUE;Accentuer;;1.7000;;;;;GLOBAL;;;;
1466;Salade (lentilles, oeufs pochés);;;article;6.5;;SALADE;CARTE TEST DETAILLEE/SALADE/Autre SALADE,BUFFET/SALADE/Autre SALADE;Salade (lentilles, oeufs);BLUE;Accentuer;;;;;;;GLOBAL;;;default/;
1467;Grande Buddha bowl;;;article;7.5;;SALADE;carte londres détaillée local/SALADE,CARTE TEST DETAILLEE/SALADE,BUFFET/SALADE, carte londres détaillée Livraison/SALADE, carte londres détaillée/SALADE;Grande Buddha bowl;GREEN;Accentuer;;1.8000;;;;;GLOBAL;;;default/SALADE;
1469;Poulet tandoori, quinoa, lentilles;;;article;7.5;;PLATS;CARTE TEST DETAILLEE/PLAT CHAUD,BUFFET/PLAT CHAUD;Poulet tandoori, Potiron, lentilles;BLUE;Accentuer;;;;;;;GLOBAL;;;;
2328;Bagel Mozza;;;article;6.0;;Sandwich;carte londres détaillée local/SANDWICH,CARTE TEST DETAILLEE/SANDWICH/AUTRES SANDWICH,BUFFET/SANDWICH/AUTRES SANDWICH, carte londres détaillée Livraison/SANDWICH, carte londres détaillée/SANDWICH;Bagel Mozza;BLUE;Accentuer;;;;;;;GLOBAL;;;;
2008;wrap poulet raz el anout;;;article;6.0;;Sandwich;carte londres détaillée local/SANDWICH,CARTE TEST DETAILLEE/SANDWICH,BUFFET/SANDWICH, carte londres détaillée Livraison/SANDWICH, carte londres détaillée/SANDWICH;Wrap poulet raz el anout;BLUE;Accentuer;;1.6000;;;;;GLOBAL;;;default/SANDWICH;
3000;Wrap (cajun, gucamole);;;article;6.0;;Sandwich;carte londres détaillée local/SANDWICH, carte londres détaillée/SANDWICH;Wrap (cajun, gucamole);BLUE;Accentuer;;;;;;;GLOBAL;;;;
1801;Salade ( risoni, pesto poivron);;;article;6.5;;SALADE;carte londres détaillée local/SALADE,CARTE TEST DETAILLEE/SALADE,BUFFET/SALADE, carte londres détaillée Livraison/SALADE, carte londres détaillée/SALADE;Salade (risoni, pesto poivron);BLUE;Accentuer;;3.3000;;;;;GLOBAL;;;default/;
2986;Salade(riz noir, tapenade de thon);;;article;6.5;;SALADE;carte londres détaillée local/SALADE, carte londres détaillée/SALADE;Salade(riz noir, tapenade de thon);BLUE;Accentuer;;;;;;;GLOBAL;;;;
3007;Salade Powerful;;;article;6.5;;SALADE;carte londres détaillée local/SALADE, carte londres détaillée/SALADE;SAlade Powerful;BLUE;Accentuer;;;;;;;GLOBAL;;;;
3028;Salade (saumon, pdt);;;article;6.5;;SALADE;carte londres détaillée local/SALADE, carte londres détaillée/SALADE;Salade (saumon, pdt);BLUE;Accentuer;;;;;;;GLOBAL;;;;
3035;salade (mozza, quinoa pesto, crudités);;;article;6.5;;SALADE;carte londres détaillée local/SALADE, carte londres détaillée/SALADE;salade (mozza, quinoa pesto, crudités);BLUE;Accentuer;;;;;;;GLOBAL;;;;
3014;Salade vietnamienne (size M);;;article;6.5;;SALADE;carte londres détaillée local/SALADE, carte londres détaillée/SALADE;Salade vietnamienne (size M);BLUE;Accentuer;;;;;;;GLOBAL;;;;
1807;Couscous, poulet;;;article;7.5;;PLATS;carte londres détaillée local/PLAT CHAUD,CARTE TEST DETAILLEE/PLAT CHAUD,BUFFET/PLAT CHAUD, carte londres détaillée Livraison/PLAT CHAUD, carte londres détaillée/PLAT CHAUD;Couscous, poulet;BLUE;Accentuer;;3.5000;;;;;GLOBAL;;;default/PLAT CHAUD;
1809;Poulet Tikka;;;article;7.5;;PLATS;carte londres détaillée local/PLAT CHAUD,CARTE TEST DETAILLEE/PLAT CHAUD,BUFFET/PLAT CHAUD, carte londres détaillée Livraison/PLAT CHAUD, carte londres détaillée/PLAT CHAUD;Poulet Tikka;BLUE;Accentuer;;3.5000;;;;;GLOBAL;;;default/PLAT CHAUD;
2894;Poulet tandoori, semoule d'orge;;;article;7.5;;PLATS;carte londres détaillée local/PLAT CHAUD, carte londres détaillée Livraison/PLAT CHAUD, carte londres détaillée/PLAT CHAUD;Poulet tandoori, semoule d'orge;BLUE;Accentuer;;;;;;;GLOBAL;;;;
2002;cabillaud, wok de légumes;;;article;7.5;;PLATS;CARTE TEST DETAILLEE/PLAT CHAUD,BUFFET/PLAT CHAUD, carte londres détaillée Livraison/PLAT CHAUD;cabillaud, wok de légumes;BLUE;Accentuer;;;;;;;GLOBAL;;;default/PLAT CHAUD;
2939;Tikka vegan;;;article;7.5;;PLATS;carte londres détaillée local/PLAT CHAUD, carte londres détaillée/PLAT CHAUD;Tikka vegan;BLUE;Accentuer;;;;;;;SHARED;;;;
1810;Tortellini, pesto rouge;;;article;7.5;;PLATS;CARTE TEST DETAILLEE/PLAT CHAUD,BUFFET/PLAT CHAUD, carte londres détaillée Livraison/PLAT CHAUD;Tortellini, pesto rouge;BLUE;Accentuer;;3.5000;;;;;GLOBAL;;;default/PLAT CHAUD;
1789;Grande(lentilles, chiogga);;;article;7.5;;SALADE;carte londres détaillée local/SALADE,CARTE TEST DETAILLEE/SALADE,BUFFET/SALADE, carte londres détaillée Livraison/SALADE, carte londres détaillée/SALADE;Grande(lentilles, chiogga);GREEN;Accentuer;;1.8000;;;;;GLOBAL;;;default/SALADE;
1795;Salade riz noir, ecrevisse;;;article;6.5;;SALADE;CARTE TEST DETAILLEE/SALADE/Autre SALADE,BUFFET/SALADE/Autre SALADE;Salade riz noir, ecrevisse;BLUE;Accentuer;;3.3000;;;;;GLOBAL;;;default/SALADE;
1808;Colombo, de poulet;;;article;7.5;;PLATS;CARTE TEST DETAILLEE/PLAT CHAUD,BUFFET/PLAT CHAUD;Colombo, de poulet;BLUE;Accentuer;;3.5000;;;;;GLOBAL;;;default/PLAT CHAUD;
1833;Mousse au chocolat;;;article;3.5;;DESSERT;CARTE TEST DETAILLEE/DESSERTS,BUFFET/DESSERTS;Mousse au chocolat;BLUE;Accentuer;;1.2000;;;;;GLOBAL;;;default/DESSERT;
1955;Crumble , pomme fraise;;;article;3.5;;DESSERT;CARTE TEST DETAILLEE/DESSERTS,BUFFET/DESSERTS;Crumble , pomme fraise;BLUE;Accentuer;;;;;;;GLOBAL;;;default/DESSERT;
1956;Crumble, pomme banane;;;article;3.5;;DESSERT;CARTE TEST DETAILLEE/DESSERTS,BUFFET/DESSERTS;Crumble, pomme banane;BLUE;Accentuer;;;;;;;GLOBAL;;;default/DESSERT;
1967;Soupe lentilles indienne;;;article;4.5;;Soupes;carte londres détaillée local/SOUPES/DESCRIPTIF,CARTE TEST DETAILLEE/SOUPES/SOUPE DETAILLEE,BUFFET/SOUPES/SOUPE DETAILLEE, carte londres détaillée Livraison/SOUPES/DESCRIPTIF, carte londres détaillée/SOUPES/DESCRIPTIF;Lentilles indienne;BLUE;Accentuer;;1.4000;;;;;GLOBAL;;;default/SOUPE;
1968;Soupe carottes pavot;;;article;4.3;;Soupes;carte londres détaillée local/SOUPES/DESCRIPTIF,CARTE TEST DETAILLEE/SOUPES/SOUPE DETAILLEE,BUFFET/SOUPES/SOUPE DETAILLEE, carte londres détaillée Livraison/SOUPES/DESCRIPTIF, carte londres détaillée/SOUPES/DESCRIPTIF;Carottes pavot;BLUE;Accentuer;;1.4000;;;;;GLOBAL;;;default/SOUPE;
1970;JUS (Orange, Mangue);;;article;4.8;;Jus de fruits;CARTE TEST DETAILLEE/JUS/JUS DETAILLE,BUFFET/JUS/JUS DETAILLE;JUS (Orange, Mangue);BLUE;Accentuer;;;;;;;GLOBAL;;;default/JUS;
1996;Pâtes végétarienne, pesto, courgettes, tomates confites;;;article;7.5;;PLATS;carte londres détaillée Livraison/PLAT CHAUD;Pâtes végétarienne, pesto, courgettes, tomates confites;BLUE;Accentuer;;;;;;;GLOBAL;;;default/PLAT CHAUD;
2014;Fromage blanc, speculos fruit rouge;;;article;3.5;;DESSERT;CARTE TEST DETAILLEE/DESSERTS,BUFFET/DESSERTS;Fromage blanc, speculos fruit rouge;BLUE;Accentuer;;;;;;;GLOBAL;;;default/DESSERT;
2015;soupe carotte, courgettes, panais;;;article;4.6;;Soupes;carte londres détaillée local/SOUPES/DESCRIPTIF,CARTE TEST DETAILLEE/SOUPES/SOUPE DETAILLEE,BUFFET/SOUPES/SOUPE DETAILLEE, carte londres détaillée Livraison/SOUPES/DESCRIPTIF, carte londres détaillée/SOUPES/DESCRIPTIF;Carotte, courgettes, panais;BLUE;Accentuer;;;;;;;GLOBAL;;;default/SOUPE;
2016;soupe pois cassés;;;article;4.6;;Soupes;carte londres détaillée local/SOUPES/DESCRIPTIF,CARTE TEST DETAILLEE/SOUPES/SOUPE DETAILLEE,BUFFET/SOUPES/SOUPE DETAILLEE, carte londres détaillée Livraison/SOUPES/DESCRIPTIF, carte londres détaillée/SOUPES/DESCRIPTIF;Pois cassés;BLUE;Accentuer;;;;;;;GLOBAL;;;default/SOUPE;
2017;soupe epinard fêta;;;article;4.6;;Soupes;carte londres détaillée local/SOUPES/DESCRIPTIF,CARTE TEST DETAILLEE/SOUPES/SOUPE DETAILLEE,BUFFET/SOUPES/SOUPE DETAILLEE, carte londres détaillée Livraison/SOUPES/DESCRIPTIF, carte londres détaillée/SOUPES/DESCRIPTIF;Epinard fêta;BLUE;Accentuer;;1.4000;;;;;GLOBAL;;;default/SOUPE;
2036;Soupe panais, miel;;;article;4.6;;Soupes;carte londres détaillée local/SOUPES/DESCRIPTIF,CARTE TEST DETAILLEE/SOUPES/SOUPE DETAILLEE,BUFFET/SOUPES/SOUPE DETAILLEE, carte londres détaillée Livraison/SOUPES/DESCRIPTIF, carte londres détaillée/SOUPES/DESCRIPTIF;Panais, miel;BLUE;Accentuer;;;;;;;GLOBAL;;;default/SOUPE;
2037;soupe vichyssoise;;;article;4.6;;Soupes;carte londres détaillée local/SOUPES/DESCRIPTIF,CARTE TEST DETAILLEE/SOUPES/SOUPE DETAILLEE,BUFFET/SOUPES/SOUPE DETAILLEE, carte londres détaillée Livraison/SOUPES/DESCRIPTIF, carte londres détaillée/SOUPES/DESCRIPTIF;Vichyssoise;BLUE;Accentuer;;;;;;;GLOBAL;;;default/SOUPE;
2048;Soupe lentilles, corail;;;article;4.6;;Soupes;carte londres détaillée local/SOUPES/DESCRIPTIF,CARTE TEST DETAILLEE/SOUPES/SOUPE DETAILLEE,BUFFET/SOUPES/SOUPE DETAILLEE, carte londres détaillée Livraison/SOUPES/DESCRIPTIF, carte londres détaillée/SOUPES/DESCRIPTIF;Lentilles, corail;BLUE;Accentuer;;1.4000;;;;;GLOBAL;;;default/SOUPE;
2054;Fondant chocolat;;;article;3.5;;DESSERT;CARTE TEST DETAILLEE/DESSERTS,BUFFET/DESSERTS;Fondant chocolat;BLUE;Accentuer;;;;;;;GLOBAL;;;default/DESSERT;
2065;fromage blanc oreo;;;article;3.5;;DESSERT;CARTE TEST DETAILLEE/DESSERTS,BUFFET/DESSERTS;fromage blanc oreo;BLUE;Accentuer;;;;;;;GLOBAL;;;default/DESSERT;
2081;Wrap feta;;;article;5.5;;Sandwich;CARTE TEST DETAILLEE/SANDWICH/AUTRES SANDWICH,BUFFET/SANDWICH/AUTRES SANDWICH;Wrap feta;BLUE;Accentuer;;1.6000;;;;;GLOBAL;;;default/SANDWICH;
2111;Soupe à l'oseille;;;article;4.6;;Soupes;carte londres détaillée local/SOUPES/DESCRIPTIF,CARTE TEST DETAILLEE/SOUPES/SOUPE DETAILLEE,BUFFET/SOUPES/SOUPE DETAILLEE, carte londres détaillée Livraison/SOUPES/DESCRIPTIF, carte londres détaillée/SOUPES/DESCRIPTIF;Oseille;BLUE;Accentuer;;1.4000;;;;;GLOBAL;;;default/SOUPE;
2117;Soupe carotte, orange, gingemnre;;;article;4.6;;Soupes;carte londres détaillée local/SOUPES/DESCRIPTIF,CARTE TEST DETAILLEE/SOUPES/SOUPE DETAILLEE,BUFFET/SOUPES/SOUPE DETAILLEE, carte londres détaillée Livraison/SOUPES/DESCRIPTIF, carte londres détaillée/SOUPES/DESCRIPTIF;Carotte, orange, gingembre;BLUE;Accentuer;;1.4000;;;;;GLOBAL;;;default/SOUPE;
2118;soupe haricots verts, parmesan;;;article;4.6;;Soupes;carte londres détaillée local/SOUPES/DESCRIPTIF,CARTE TEST DETAILLEE/SOUPES/SOUPE DETAILLEE,BUFFET/SOUPES/SOUPE DETAILLEE, carte londres détaillée Livraison/SOUPES/DESCRIPTIF, carte londres détaillée/SOUPES/DESCRIPTIF;Haricots verts, parmesan;BLUE;Accentuer;;;;;;;GLOBAL;;;default/SOUPA;
2129;soupe poireau, pdt , carotte;;;article;4.6;;Soupes;carte londres détaillée local/SOUPES/DESCRIPTIF,CARTE TEST DETAILLEE/SOUPES/SOUPE DETAILLEE,BUFFET/SOUPES/SOUPE DETAILLEE, carte londres détaillée Livraison/SOUPES/DESCRIPTIF, carte londres détaillée/SOUPES/DESCRIPTIF;Poireau, pdt , carotte;BLUE;Accentuer;;;;;;;GLOBAL;;;default/SOUPE;
2135;Soupe champignon, miel;;;article;4.6;;Soupes;carte londres détaillée local/SOUPES/DESCRIPTIF,CARTE TEST DETAILLEE/SOUPES/SOUPE DETAILLEE,BUFFET/SOUPES/SOUPE DETAILLEE, carte londres détaillée Livraison/SOUPES/DESCRIPTIF, carte londres détaillée/SOUPES/DESCRIPTIF;Champignon, miel;BLUE;Accentuer;;1.2000;;;;;GLOBAL;;;default/SOUPE;
2141;Poulet Korma;;;article;7.5;;PLATS;CARTE TEST DETAILLEE/PLAT CHAUD,BUFFET/PLAT CHAUD;Poulet Korma;BLUE;Accentuer;;3.5000;;;;;GLOBAL;;;default/PLAT CHAUD;
2147;Vitamin Water Refresh;;;article;3.8;;SOFT;carte londres détaillée local/SOFT,CARTE TEST DETAILLEE/SOFT,BUFFET/SOFT, carte londres détaillée Livraison/SOFT, carte londres détaillée/SOFT;Vitamin Water Refresh;BLUE;Accentuer;;1.4000;;;;;GLOBAL;;;default/BOISSON;
2153;Vitamin Water Awake;;;article;3.8;;SOFT;carte londres détaillée local/SOFT,CARTE TEST DETAILLEE/SOFT,BUFFET/SOFT, carte londres détaillée Livraison/SOFT, carte londres détaillée/SOFT;Vitamin Water Awake;BLUE;Accentuer;;1.4000;;;;;GLOBAL;;;default/BOISSON;
2159;Vitamin Water Reload;;;article;3.8;;SOFT;carte londres détaillée local/SOFT,CARTE TEST DETAILLEE/SOFT,BUFFET/SOFT, carte londres détaillée Livraison/SOFT, carte londres détaillée/SOFT;Vitamin Water Reload;BLUE;Accentuer;;1.4000;;;;;GLOBAL;;;default/BOISSON;
2160;Vitamin Water Boost;;;article;3.8;;SOFT;carte londres détaillée local/SOFT,CARTE TEST DETAILLEE/SOFT,BUFFET/SOFT, carte londres détaillée Livraison/SOFT, carte londres détaillée/SOFT;Vitamin Water Boost;BLUE;Accentuer;;1.4000;;;;;GLOBAL;;;default/BOISSON;
2171;Coca Cola;;;article;2.0;;SOFT;carte londres détaillée local/SOFT,CARTE TEST DETAILLEE/SOFT,BUFFET/SOFT, carte londres détaillée Livraison/SOFT, carte londres détaillée/SOFT;Coca Cola;BLUE;Accentuer;;0.6000;;;;;GLOBAL;;;default/BOISSON;
2172;Coca cola Zero;;;article;2.0;;SOFT;carte londres détaillée local/SOFT,CARTE TEST DETAILLEE/SOFT,BUFFET/SOFT, carte londres détaillée Livraison/SOFT, carte londres détaillée/SOFT;Coca cola Zero;BLUE;Accentuer;;0.6000;;;;;GLOBAL;;;default/BOISSON;
2183;Vita coco;;;article;3.8;;SOFT;carte londres détaillée local/SOFT,CARTE TEST DETAILLEE/SOFT,BUFFET/SOFT, carte londres détaillée Livraison/SOFT, carte londres détaillée/SOFT;Vita coco;BLUE;Accentuer;;;;;;;GLOBAL;;;default/BOISSON;
2189;Grande salade sushi;;;article;7.5;;SALADE;CARTE TEST DETAILLEE/SALADE/Autre SALADE,BUFFET/SALADE/Autre SALADE;Grande salade sushi;GREEN;Accentuer;;1.8000;;;;;GLOBAL;;;default/SALADE;
2195;soupe panais à l'anglaise;;;article;4.6;;Soupes;carte londres détaillée local/SOUPES/DESCRIPTIF,CARTE TEST DETAILLEE/SOUPES/SOUPE DETAILLEE,BUFFET/SOUPES/SOUPE DETAILLEE, carte londres détaillée Livraison/SOUPES/DESCRIPTIF, carte londres détaillée/SOUPES/DESCRIPTIF;Panais à l'anglaise;BLUE;Accentuer;;1.4000;;;;;GLOBAL;;;default/SOUPE;
2201;Pink summer delight;;;article;4.8;;jus de fruit;CARTE TEST DETAILLEE/JUS/JUS DETAILLE,BUFFET/JUS/JUS DETAILLE;Pink summer delight;BLUE;Accentuer;;;;;;;GLOBAL;;;default/JUS;
2202;Miss Slim;;;article;4.8;;Jus de fruits;CARTE TEST DETAILLEE/JUS/JUS DETAILLE,BUFFET/JUS/JUS DETAILLE;Miss Slim;BLUE;Accentuer;;;;;;;GLOBAL;;;default/JUS;
2203;X eat;;;article;4.8;;Jus de fruits;CARTE TEST DETAILLEE/JUS/JUS DETAILLE,BUFFET/JUS/JUS DETAILLE;X eat;BLUE;Accentuer;;;;;;;GLOBAL;;;default/JUS;
2204;Sunny Wake Up;;;article;4.8;;Jus de fruits;CARTE TEST DETAILLEE/JUS/JUS DETAILLE,BUFFET/JUS/JUS DETAILLE;Sunny Wake Up;BLUE;Accentuer;;;;;;;GLOBAL;;;default/JUS;
2205;Super Fly;;;article;4.8;;Jus de fruits;CARTE TEST DETAILLEE/JUS/JUS DETAILLE,BUFFET/JUS/JUS DETAILLE;Super Fly;BLUE;Accentuer;;;;;;;GLOBAL;;;default/JUS;
2206;Tonic Plus;;;article;4.8;;Jus de fruits;CARTE TEST DETAILLEE/JUS/JUS DETAILLE,BUFFET/JUS/JUS DETAILLE;Tonic Plus;BLUE;Accentuer;;;;;;;GLOBAL;;;default/JUS;
2237;soupe courgette;;;article;4.6;;Soupes;carte londres détaillée local/SOUPES/DESCRIPTIF,CARTE TEST DETAILLEE/SOUPES/SOUPE DETAILLEE,BUFFET/SOUPES/SOUPE DETAILLEE, carte londres détaillée Livraison/SOUPES/DESCRIPTIF, carte londres détaillée/SOUPES/DESCRIPTIF;Courgette;BLUE;Accentuer;;;;;;;GLOBAL;;;default/SOUPE;
2243;soupe carotte, lait de coco;;;article;4.6;;Soupes;carte londres détaillée local/SOUPES/DESCRIPTIF,CARTE TEST DETAILLEE/SOUPES/SOUPE DETAILLEE,BUFFET/SOUPES/SOUPE DETAILLEE, carte londres détaillée Livraison/SOUPES/DESCRIPTIF, carte londres détaillée/SOUPES/DESCRIPTIF;Carotte, lait de coco;BLUE;Accentuer;;1.4000;;;;;GLOBAL;;;default/SOUPE;
2253;Riz noir&blanc, aubergines;;;article;7.5;;PLATS;CARTE TEST DETAILLEE/PLAT CHAUD,BUFFET/PLAT CHAUD;Riz noir&blanc, aubergines;BLUE;Accentuer;;;;;;;GLOBAL;;;default/PLAT CHAUD;
2260;Carotte, choux fleur;;;article;4.6;;PLATS;CARTE TEST DETAILLEE/SOUPES/SOUPE DETAILLEE,BUFFET/SOUPES/SOUPE DETAILLEE;Carotte, choux fleur;BLUE;Accentuer;;;;;;;GLOBAL;;;default/SOUPE;
2266;Mais, Poivron;;;article;4.6;;PLATS;CARTE TEST DETAILLEE/SOUPES/SOUPE DETAILLEE,BUFFET/SOUPES/SOUPE DETAILLEE;Mais, Poivron;BLUE;Accentuer;;;;;;;GLOBAL;;;default/SOUPE;
2292;Soupe Carotte , pomme, curry;;;article;4.6;;Soupes;carte londres détaillée local/SOUPES/DESCRIPTIF,CARTE TEST DETAILLEE/SOUPES/SOUPE DETAILLEE,BUFFET/SOUPES/SOUPE DETAILLEE, carte londres détaillée Livraison/SOUPES/DESCRIPTIF, carte londres détaillée/SOUPES/DESCRIPTIF;Carotte , pomme, curry;BLUE;Accentuer;;;;;;;GLOBAL;;;default/SOUPE;
2293;Soupe champignon;;;article;4.6;;Soupes;carte londres détaillée local/SOUPES/DESCRIPTIF,CARTE TEST DETAILLEE/SOUPES/SOUPE DETAILLEE,BUFFET/SOUPES/SOUPE DETAILLEE, carte londres détaillée Livraison/SOUPES/DESCRIPTIF, carte londres détaillée/SOUPES/DESCRIPTIF;Champignon;BLUE;Accentuer;;;;;;;GLOBAL;;;default/SOUPE;
2304;Gaspacho;;;article;4.6;;Soupes;CARTE TEST DETAILLEE/SOUPES/SOUPE DETAILLEE,BUFFET/SOUPES/SOUPE DETAILLEE;GAspacho;BLUE;Accentuer;;1.4000;;;;;GLOBAL;;;;
2310;Gaspacho de carottes;;;article;4.6;;autres;CARTE TEST DETAILLEE/SOUPES/SOUPE DETAILLEE,BUFFET/SOUPES/SOUPE DETAILLEE;Gaspacho de carottes;BLUE;Accentuer;;1.4000;;;;;GLOBAL;;;;
2316;Wrap bagnat;;;article;5.5;;Sandwich;CARTE TEST DETAILLEE/SANDWICH/AUTRES SANDWICH,BUFFET/SANDWICH/AUTRES SANDWICH;Wrap bagnat;BLUE;Accentuer;;;;;;;GLOBAL;;;;
2322;Bagel Pastrami;;;article;5.5;;Sandwich;CARTE TEST DETAILLEE/SANDWICH,BUFFET/SANDWICH;Bagel Pastrami;BLUE;Accentuer;;;;;;;GLOBAL;;;;
2334;Salade (Eliche, serrano, parmesan);;;article;6.5;;SALADE;CARTE TEST DETAILLEE/SALADE/Autre SALADE,BUFFET/SALADE/Autre SALADE;Salade (Eliche, serrano, parmesan);BLUE;Accentuer;;;;;;;GLOBAL;;;;
2340;Salade (Saumon 5 baies);;;article;6.5;;SALADE;CARTE TEST DETAILLEE/SALADE/Autre SALADE,BUFFET/SALADE/Autre SALADE;Salade (Saumon 5 baies);BLUE;Accentuer;;;;;;;GLOBAL;;;;
2341;Salade (Quinoa, écrevisse, avocat);;;article;6.5;;SALADE;CARTE TEST DETAILLEE/SALADE,BUFFET/SALADE, carte londres détaillée Livraison/SALADE;Salade (quinoa, écrevisse, avocat);BLUE;Accentuer;;;;;;;GLOBAL;;;;
2347;Salade (Betteraves , carottes, aubergines grillées);;;article;6.5;;SALADE;CARTE TEST DETAILLEE/SALADE/Autre SALADE,BUFFET/SALADE/Autre SALADE;Salade (Betteraves , carottes, aubergines grillées);BLUE;Accentuer;;;;;;;GLOBAL;;;;
2353;Salade (poulet cajun, coleslaw, mangue grillées);;;article;6.5;;SALADE;CARTE TEST DETAILLEE/SALADE/Autre SALADE,BUFFET/SALADE/Autre SALADE;Salade (poulet cajun, coleslaw, mangue grillées);BLUE;Accentuer;;;;;;;GLOBAL;;;;
2364;Perle de Chia;;;article;3.5;;DESSERT;CARTE TEST DETAILLEE/DESSERTS,BUFFET/DESSERTS;Perle de Chia;BLUE;Accentuer;;;;;;;GLOBAL;;;;
2370;Soupe Caponata;;;article;4.6;;Soupes;carte londres détaillée local/SOUPES/DESCRIPTIF,CARTE TEST DETAILLEE/SOUPES/SOUPE DETAILLEE,BUFFET/SOUPES/SOUPE DETAILLEE, carte londres détaillée Livraison/SOUPES/DESCRIPTIF, carte londres détaillée/SOUPES/DESCRIPTIF;Caponata;BLUE;Accentuer;;;;;;;GLOBAL;;;;
2376;Soupe tomates, basilic;;;article;4.6;;Soupes;carte londres détaillée local/SOUPES/DESCRIPTIF,CARTE TEST DETAILLEE/SOUPES/SOUPE DETAILLEE,BUFFET/SOUPES/SOUPE DETAILLEE, carte londres détaillée Livraison/SOUPES/DESCRIPTIF, carte londres détaillée/SOUPES/DESCRIPTIF;Tomates, basilic;BLUE;Accentuer;;;;;;;GLOBAL;;;;
2383;Verre de vin aperitivo;;;article;7.0;;BIERE;carte londres/APERO;Verre de vin aperitivo;BLUE;Accentuer;;;;;;;GLOBAL;;;;
2389;Pinte ou Champ;;;article;10.0;;BIERE;carte londres/APERO;Pinte ou Champ;BLUE;Accentuer;;;;;;;GLOBAL;;;;
2395;Soupe espagnole à la coriandre;;;article;4.6;;Soupes;carte londres détaillée local/SOUPES/DESCRIPTIF,CARTE TEST DETAILLEE/SOUPES/SOUPE DETAILLEE,BUFFET/SOUPES/SOUPE DETAILLEE, carte londres détaillée Livraison/SOUPES/DESCRIPTIF, carte londres détaillée/SOUPES/DESCRIPTIF;Espagnole à la coriandre;BLUE;Accentuer;;;;;;;GLOBAL;;;;
2404;Salade (epeautre, à la chypriote);;;article;6.5;;SALADE;CARTE TEST DETAILLEE/SALADE,BUFFET/SALADE, carte londres détaillée Livraison/SALADE;Salade (epeautre, à la chypriote);BLUE;Accentuer;;;;;;;GLOBAL;;;;
2420;MUG;;;article;12.0;;Divers;carte londres/RECYCLAB, carte londres détaillée local/RECYCLAB, carte londres détaillée Livraison/RECYCLAB, carte londres détaillée/RECYCLAB;MUG;BLUE;Accentuer;;;;;;;GLOBAL;;;;
2421;Bouteille alu;;;article;12.0;;autres;carte londres/RECYCLAB, carte londres détaillée local/RECYCLAB, carte londres détaillée Livraison/RECYCLAB, carte londres détaillée/RECYCLAB;Bouteille;BLUE;Accentuer;;;;;;;GLOBAL;;;;
2423;TOTE BAG;;;article;2.0;;autres;carte londres/RECYCLAB, carte londres détaillée local/RECYCLAB, carte londres détaillée Livraison/RECYCLAB, carte londres détaillée/RECYCLAB;TOTE BAG;BLUE;Accentuer;;;;;;;GLOBAL;;;;
2424;Kit Complet;;;article;22.0;;autres;carte londres/RECYCLAB, carte londres détaillée local/RECYCLAB, carte londres détaillée Livraison/RECYCLAB, carte londres détaillée/RECYCLAB;Kit Complet;BLUE;Accentuer;;;;;;;GLOBAL;;;;
2465;Soupe Texane (maïs, poivrons);;;article;4.6;;Soupes;carte londres détaillée local/SOUPES/DESCRIPTIF, carte londres détaillée Livraison/SOUPES/DESCRIPTIF, carte londres détaillée/SOUPES/DESCRIPTIF;Texane (maïs, poivrons);BLUE;Accentuer;;;;;;;GLOBAL;;;;
2922;Grande Salade Vietnamienne;;;article;7.5;;SALADE;carte londres détaillée Livraison/SALADE;Grande Salade Vietnamienne;GREEN;Accentuer;;;;;;;GLOBAL;;;;
2896;Wrap (Saumon , miel/moutarde);;;article;5.5;;Sandwich;carte londres détaillée Livraison/SANDWICH;Wrap (Saumon , miel/moutarde);BLUE;Accentuer;;;;;;;GLOBAL;;;;
2923;Salade (Bettrave, aubergines, feta);;;article;6.5;;SALADE;carte londres détaillée Livraison/SALADE;Salade (bettraves, aubergines, feta);BLUE;Accentuer;;;;;;;SHARED;;;;
2936;Shot Collagen;;;article;2.5;;autres;carte londres détaillée local/AUTRES, carte londres détaillée/AUTRES;Shot Collagen;BLUE;Accentuer;;;;;;;GLOBAL;;;;
2937;Riste aubergine, fêta, risonni;;;article;7.5;;PLATS;carte londres détaillée local/PLAT CHAUD, carte londres détaillée/PLAT CHAUD;Riste aubergine, fêta, risonni;BLUE;Accentuer;;;;;;;GLOBAL;;;;
2946;Tea;;;article;2.5;;autres;carte londres détaillée local/AUTRES, carte londres détaillée/AUTRES;Tea;BLUE;Accentuer;;;;;;;GLOBAL;;;;
3042;Booster (spiruline, guarana..);;;article;1.0;;autres;carte londres détaillée local/JUS, carte londres détaillée/JUS;Booster (spiruline, guarana..);BLUE;Accentuer;;;;;;;GLOBAL;;;;
3049;Booster (Colagene);;;article;2.5;;autres;carte londres détaillée local/JUS, carte londres détaillée/JUS;Booster (Colagene);BLUE;Accentuer;;;;;;;GLOBAL;;;;
3056;Milkshake;;;article;6.0;;jus de fruit;carte londres détaillée local/JUS, carte londres détaillée/JUS;Milkshake;BLUE;Accentuer;;;;;;;SHARED;;;;
3927;Mega salade;;;article;10.5;;SALADE;carte londres détaillée/SALADE;Mega salade;BLUE;Accentuer;;;;;;;GLOBAL;;;;
