id,categorie,type,nom,prix,volume,prix_supplement,libelle_supplement,description,visible,ordre
1,JUS,article,"SLIM DÉTOX",5.8,"47 cl",,,"Ananas, orange, citron vert, menthe",1,0
2,JUS,article,"SUNNY WAKE UP",5.8,"47 cl",,,"Açaï, orange, fraise, kiwi",1,1
3,JUS,article,SUPERFLY,5.8,"47 cl",,,"Pomme, citron, gingembre",1,2
4,JUS,article,"STRESS OVER",5.8,"47 cl",,,"Orange, banane, fraise",1,3
5,JUS,article,"PURPLE DÉTOX",5.8,"47 cl",,,"Pomme, betterave, gingembre, fraise",1,4
6,JUS,article,C++,5.8,"47 cl",,,"Orange, carotte, gingembre, curcuma",1,5
7,JUS,article,"PURA VIDA",5.8,"47 cl",,,"Concombre, citron, pomme, graine de chia",1,6
8,JUS,article,SHREK,5.8,"47 cl",,,"Pomme, citron vert, épinard",1,7
221,JUS,article,"PINK SUMMER DELIGHT",5.8,"47 cl",,,"Pomme, framboise, menthe",1,8
73,SOUPES,article,"CAROTTE PAVOT",,,,,"Chou-fleur, carottes, graines de pavot",1,23
74,SOUPES,article,"LENTILLES À L'INDIENNE",,,,,"Carotte, lentilles vertes, pois cassés, curry",1,24
185,SOUPES,article,CHAMPIGNONS,,,,,"Champignons de Paris, pommes de terre, vin blanc, persil",1,25
190,SOUPES,article,"CAROTTES POMMES ET CURRY",,,,,"Carottes, pommes, oignons, curry",1,26
195,SOUPES,article,"ÉPINARD FETA",,,,,"Épinards, feta, lait",1,27
211,SOUPES,article,POTIMARRON,,,,,Potimarron,1,28
26,"PLATS CHAUDS",article,"POULET TIKKA",7.5,,,,"Riz, poulet, crème, tomates",1,31
43,"PLATS CHAUDS",article,"TIKKA VÉGÉTARIEN",7.5,,,,"Riz basmati, tomates, lait de coco",1,32
27,"PLATS CHAUDS",article,"COUSCOUS POULET",7.5,,,,"Semoule, poulet, légumes",1,33
42,"PLATS CHAUDS",article,"TORTELLINI PESTO ROUGE",7.5,,,,"Pâtes, pesto basilic, courgettes grillées, amandes, pignons, tomates séchées, parmesan",1,34
28,"PLATS CHAUDS",article,"QUICHE CHÈVRE ÉPINARDS",7.5,,,,"Épinards, chèvre, œuf, crème",1,35
39,"PLATS CHAUDS",article,"QUICHE PATATE DOUCE FETA",7.5,,,,"Patate douce, feta, pistou",0,36
77,"PLATS CHAUDS",article,"QUICHE RICOTTA TOMATO CERISE",7.5,,,,"Tomates cerises, ricotta, lait, crème, farine de blé, œuf, ciboulette",0,37
78,"PLATS CHAUDS",article,"QUICHE LORRAINE",7.5,,,,"Emmental, lardons, lait, crème, farine de blé, œuf",1,38
79,"PLATS CHAUDS",article,"TARTE CHÈVRE ÉPINARDS",7.5,,,,"Épinards, chèvre, lait, crème, farine de blé, œuf, sésame",0,39
80,"PLATS CHAUDS",article,"TARTE SAUMON ÉPINARDS",7.5,,,,"Épinards, saumon fumé, lait, crème, farine de blé, œuf",0,40
81,"PLATS CHAUDS",article,"POULET KORMA",7.5,,,,"Riz basmati, poulet, crème, yaourt, lait de coco, carottes, poivrons, épices",0,41
82,"PLATS CHAUDS",article,"POULET TIKKA MASSALA",7.5,,,,"Riz basmati, poulet, crème, tomates, yaourt, carottes, amandes, raisins, épices",0,42
83,"PLATS CHAUDS",article,"POULET BOMBAY",7.5,,,,"Riz basmati, poulet, sauce tomate, crème, oignons, petits pois, épices",0,43
84,"PLATS CHAUDS",article,"POULET CURRY",7.5,,,,"Riz basmati, poulet, champignons, bambou, carottes, haricots, curry",0,44
85,"PLATS CHAUDS",article,"POULET QUINOA TANDOORI",7.5,,,,"Quinoa bio, lentilles, poulet, épices tandoori, pois, potiron, aubergines",0,45
86,"PLATS CHAUDS",article,"ROUGAIL THON",7.5,,,,"Riz basmati, achards, thon, sauce rougail tomate",0,46
87,"PLATS CHAUDS",article,"SAUMON SAUCE CITRON GINGEMBRE",7.5,,,,"Riz basmati et noir, haricots verts, carottes, saumon, sauce citron gingembre",0,47
88,"PLATS CHAUDS",article,"DUO DE RIZ AUBERGINES FALAFEL",7.5,,,,"Riz noir et blanc, aubergines, falafel, pois chiches, curry",0,48
89,"PLATS CHAUDS",article,FAGOTTINI,7.5,,,,"Pâtes farcies épinards-fromage, jeunes pousses, courgettes grillées, pesto rouge",0,49
91,"PLATS CHAUDS",article,"LASAGNE BOLOGNESE",7.5,,,,"Tomates, lait, lasagnes, fromage, haché porc, oignons, basilic",1,50
92,"PLATS CHAUDS",article,"LASAGNE VEGAN",7.5,,,,"Tomates, chou-fleur, lasagnes, boisson amandes, miso, basilic",0,51
93,"PLATS CHAUDS",article,"CABILLAUD TERIYAKI",7.5,,,,"Cabillaud, sauce teriyaki, nouilles soba, légumes wok",1,52
94,"PLATS CHAUDS",article,"SOUPE JAPONAISE",7.5,,,,"Nouilles de riz, poulet, champignons, coriandre, citronnelle, bouillon soja",1,53
32,SALADES,article,"SALADE POWERFUL",6.5,,,,"Épeautre cuit, brocoli cru râpé, choux, chou frisé, amandes grillées, avocat, courgette grillée, poulet, ras el hanout",1,54
31,SALADES,article,"GRANDE BUDDHA BOWL",7.5,,,"+1€","Boulgour, quinoa, légumes grillés",1,55
29,SALADES,article,"SALADE RISONI PESTO",6.5,,,,"Risoni, poulet, roquette, pesto",0,56
30,SALADES,article,"SALADE CHOUX ROUGE",6.5,,,,"Chou rouge, poulet aux épices italiennes, Feta AOP, jambon Serrano, noix, Emmental, pousses d'épinards, sésame",1,57
95,SALADES,article,"SALADE DE BETTERAVES",6.5,,,,"Betterave, carotte, aubergines grillées, graines de sésame, grenade, feta, mâche",0,58
96,SALADES,article,"SALADE ÉPEAUTRE",6.5,,,,"Épeautre, feta, olives noires, concombre, tomates, menthe",0,59
97,SALADES,article,"SALADE LENTILLE ŒUF POCHÉ",6.5,,,,"Lentilles, œuf poché, moutarde, échalote, carotte, tomates confites",0,60
98,SALADES,article,"GRANDE SALADE LENTILLE ŒUF POCHÉ",7.5,,,"+1€","Lentilles, œuf poché, roquette, betterave chiogga, fromage bleu, avocat, multigraines",0,61
99,SALADES,article,"SALADE RISONI",6.5,,,,"Risoni, poulet, roquette, courgettes grillées, parmesan, pesto poivron",1,62
100,SALADES,article,"SALADE SAUMON GRAVLAX",6.5,,,,"Boulgour, quinoa, courgettes, avocat, tomates confites, saumon fumé, moutarde",0,63
101,SALADES,article,"SALADE LENTILLE SAUMON",6.5,,,,"Lentilles, saumon, moutarde, estragon, fenouil, grenade, cœur de palmier",0,64
102,SALADES,article,"SALADE POULET CAJUN & MANGUE",6.5,,,,"Riz basmati coco, poulet cajun, coleslaw, mangue",0,65
103,SALADES,article,"SALADE BOLLYWOOD",6.5,,,,"Semoule, carotte, salade frisée, concombre, gouda cumin, poulet tandoori",0,66
104,SALADES,article,"QUINOA & ÉCREVISSES",6.5,,,,"Quinoa blanc et rouge, écrevisses, avocat, cœur de palmier, paprika",0,67
105,SALADES,article,"QUINOA & HALLOUMI",6.5,,,,"Boulgour, quinoa, halloumi, menthe, tomates cerises, butternut, canneberges",0,68
106,SALADES,article,"RIZ NOIR & ÉCREVISSES",6.5,,,,"Riz noir, écrevisses, avocat, cœur de palmier, paprika",0,69
107,SALADES,article,"SALADE RIZ NOIR PATATE DOUCE BACON",6.5,,,,"Riz noir, bacon, feta, roquette, patates douces",0,70
146,SALADES,article,"SALADE RIZ NOIR TAPENADE DE THON",6.5,,,,"Riz noir, carotte grillée au curry rouge, poivron grillé, courgette grillée, oignon jaune, tapenade de thon, ciboulette",1,71
147,SALADES,article,"SALADE LOW CARB",6.5,,,,"Chou blanc, carottes, mayonnaise, moutarde, champignons grillés, pousses d'épinard, œuf poché, cheddar, noix de pécan",1,72
108,SALADES,article,"SALADE SUSHI",6.5,,,,"Riz sushi, avocat, saumon fumé, fèves soja, chou blanc, gingembre, sésame",0,73
33,SANDWICH,article,"WRAP CAJUN",7.5,,,,"Pita, poulet, épices cajun, guacamole",1,74
34,SANDWICH,article,"WRAP CHAUD MEXICAIN",,,,,,0,75
35,SANDWICH,article,"WRAP CHAUD HOUMOUS FALAFEL",7.5,,,,"Pita, houmous, falafel BIO",1,76
37,SANDWICH,article,"BAGEL NEW YORK",7.5,,,,"Bagel, mozzarella, crème cheese",0,78
38,SANDWICH,article,"BAGEL CHÈVRE",7.5,,,,"Chèvre, pesto rouge",1,79
109,SANDWICH,article,"WRAP RAS EL HANOUT",7.5,,,,"Pita, crème cheese, poulet, épices ras el hanout, yaourt grec, citron confit, grenade",1,80
111,SANDWICH,article,"WRAP FETA (VÉGÉTARIEN)",7.5,,,,"Pita, crème cheese, feta, olives, tzatziki, tomates séchées, menthe",1,81
113,SANDWICH,article,"WRAP THON",7.5,,,,"Pita, thon tartinable, tomates, œuf, olives, salade, basilic, radis",0,82
114,SANDWICH,article,"WRAP SAUMON",7.5,,,,"Pita, saumon fumé, roquette, chou blanc, pomme, sauce mayo-moutarde",0,83
115,SANDWICH,article,"BAGEL SAUMON",7.5,,,,"Bagel, saumon, concombre, crème cheese, tzatziki",0,84
116,SANDWICH,article,"BAGEL HOLLAND STYLE",7.5,,,,"Bagel, gouda cumin, sauce barbecue, roquette, crème cheese",0,85
117,SANDWICH,article,"BAGEL MOZZARELLA",7.5,,,,"Bagel, tomates, mozzarella, crème cheese, pesto vert",0,86
118,SANDWICH,article,"BAGEL PASTRAMI",7.5,,,,"Bagel, pastrami bœuf, cornichons, moutarde, salade, tomates, cheddar",0,87
119,SANDWICH,article,"BAGEL DINDE & CHEDDAR",7.5,,,,"Bagel, crème cheese, mayo, cheddar, oignon crispy, filet de dinde",1,88
142,SANDWICH,article,"BATBOUT THON",7.5,,,,"Thon épicé, pousses d'épinard, champignon",1,89
15,MILKSHAKES,article,"DARYL ALL NIGHT LONG",6.0,"47 cl",,,"Avocat, lait, miel, datte",1,16
16,MILKSHAKES,article,"MAX AFTER SURF",6.0,"47 cl",,,"Mangue, lait, miel, banane",1,17
17,MILKSHAKES,article,"CAM & LOLO",6.0,"47 cl",,,"Fraise, lait, miel, amande",1,18
18,MILKSHAKES,article,"MATCHA LOVA",6.0,"47 cl",,,"Lait, miel, matcha",1,19
19,MILKSHAKES,article,"MATCHA FRAGOLA",6.0,"47 cl",,,"Fraise, lait, miel, matcha",1,20
20,MILKSHAKES,article,"AÇAÏ WILD LIFE",6.0,"47 cl",,,"Lait, miel, açaï, fraise",1,21
21,MILKSHAKES,article,"HAILEY'S TWIST",6.0,"47 cl",,,"Lait de coco, fraise, miel, datte",1,22
9,BOOSTERS,article,SPIRULINE,1.0,,,,"Macro et micronutriments, complément alimentaire",1,9
10,BOOSTERS,article,CURCUMA,1.0,,,,"Bon pour la santé digestive et hépatique",1,10
11,BOOSTERS,article,"AÇAÏ",1.0,,,,"Acides gras oméga, vitamines C, E, antioxydants",1,11
12,BOOSTERS,article,MACA,1.0,,,,"Potassium, calcium, bon atout système nerveux",1,12
13,BOOSTERS,article,GUARANA,1.0,,,,"Propriétés stimulantes",1,13
14,BOOSTERS,article,"GRAINES DE CHIA",1.0,,,,"Riche en protéines, fibres, oméga-3",1,14
25,BOOSTERS,article,"BOOSTER COLLAGÈNE",1.5,,,"+1,50€","Bon pour la peau, les articulations",1,15
44,DESSERTS,article,"COOKIES AU CHOCOLAT",3.0,,,,"Chocolat noir / au lait / blanc",1,90
128,DESSERTS,article,"CAKE CAROTTE",3.0,,,,"Carottes, farine de blé, œufs, huile, cannelle",1,91
129,DESSERTS,article,"CAKE CHOCOLAT EXTREME",3.0,,,,"Chocolat noir, farine de blé, crème, beurre",1,92
130,DESSERTS,article,"CAKE CITRON PAVOT",3.0,,,,"Farine de blé, graines de pavot, zestes citron",1,93
131,DESSERTS,article,"CAKE MARBRÉ CHOCOLAT",3.0,,,,"Chocolat, farine de blé, crème, beurre",1,94
132,DESSERTS,article,"CAKE POMME NOIX",3.0,,,,"Pommes, noix, farine de blé, huile",1,95
133,DESSERTS,article,"CAKE BANANE",3.0,,,,"Bananes, farine de blé, amandes, huile",1,96
45,DESSERTS,article,"FROMAGE BLANC",3.5,,,,"Coulis fraise, mangue, miel",1,97
47,DESSERTS,article,"MOUSSE AU CHOCOLAT",4.0,,,,"Chocolat noir, beurre",1,98
48,DESSERTS,article,TIRAMISU,4.0,,,,"Mascarpone, café, cacao",1,99
49,DESSERTS,article,"MI CUIT FONDANT",4.0,,,,"Chocolat noir 22%",1,100
50,DESSERTS,article,BROWNIE,4.0,,,,"Chocolat, noix de pécan",1,101
51,DESSERTS,article,"CRUMBLE POMME SPECULOOS",4.0,,,,"Pomme, farine de blé, speculoos concassé, beurre, cannelle",1,102
52,DESSERTS,article,"TARTE AUX NOIX DE PÉCAN",4.0,,,,"Farine de blé, margarine végétale, arôme naturel, sucre roux, noix de pécan",1,103
123,DESSERTS,article,"PERLES CHIA FRAMBOISE",4.0,,,,"Lait de coco, framboise, graines de chia, coco râpée",1,104
124,DESSERTS,article,"PERLES CHIA MANGUE PASSION",4.0,,,,"Lait de coco, mangue, passion, graines de chia",1,105
66,DESSERTS,article,"MOUSSE DE SKYR FRUITS ROUGES",3.5,,,,"Skyr, pomme, crème, fraises, framboises, mélange de graines",1,106
65,DESSERTS,article,"SALADE FRUIT",4.0,,,"+0,5€","Fruits de saison",1,107
67,DESSERTS,article,"TARTE MYRTILLE",4.5,,,,"Myrtilles fraîches",1,108
68,DESSERTS,article,"CHEESECAKE KEYLIME",4.5,,,,"Philadelphia, citron vert",1,109
69,DESSERTS,article,"CHEESECAKE FRUITS ROUGES",4.5,,,,"Philadelphia, framboises, myrtille, groseilles, pistaches",1,110
70,DESSERTS,article,"TARTE CITRON MERINGUÉE",4.5,,,,"Crème citron, meringue",1,111
23,BOISSONS,article,"THÉ",2.5,,,,"Sélection de thés premium",1,29
24,BOISSONS,article,"CAFÉ",2.5,,,,"Café arabica bio",1,30
60,BOISSONS,article,EVIAN,2.0,,,,"Bouteille 50cl",1,112
61,BOISSONS,article,"SAN PELLEGRINO",2.0,,,,"Bouteille 50cl",1,113
62,BOISSONS,article,"COCA COLA",2.5,,,,"Canette 33cl",1,114
63,BOISSONS,article,"COCA COLA ZERO",2.5,,,,"Canette 33cl",1,115
75,BOISSONS,article,"VITAMINE WELL",3.8,,,,"Boost myrtille/framboise, Antioxidant pêche, Reload citron/citron vert, Refresh kiwi/citron, Hydrate rhubarbe/fraise",1,116
76,BOISSONS,article,JOMO,3.8,,,,"Grenade litchi, mangue, passion citron vert, pêche hibiscus, gingembre",1,117
141,GOODIES,article,"TOTE BAG",8.0,,,,"Sac en coton réutilisable",1,118
143,GOODIES,article,THERMOS,15.0,,,,"Thermos isotherme réutilisable",1,119
144,GOODIES,article,GOURDE,12.0,,,,"Gourde réutilisable",1,120
